1000000+0i,0.4674837861736354-0.01425202192992745i,5.092580346941631e-006+0.000443278718976856i,-56.95424973368651+0.6548011948265169i,0.9997660076346406-0.02041865004463553i,1.373554971281261+0i,-0.1170550095446748+6.126071509881239e-005i,6.308612850431057+0i
1071891.319205128+0i,0.4674594575483926-0.01527631966657734i,5.851010785519456e-006+0.0004751372921184729i,-56.95313189588408+0.7018619818752352i,0.9997311594986533-0.02188614556045481i,1.3735549853332+0i,-0.1170550152659006+6.566482789020008e-005i,6.308612853124518+0i
1148951.000187309+0i,0.4674315063254968-0.01637418631886223i,6.722373553487359e-006+0.0005092840628336812i,-56.95184760903005+0.7523028514291557i,0.9996911223816083-0.02345904214345865i,1.373555001478188+0i,-0.117055021839298+7.038555796757198e-005i,6.308612856219648+0i
1231550.603292826+0i,0.4673993932915417-0.01755089483632125i,7.723478308543038e-006+0.000545883033345958i,-56.95037209765424+0.8063660661450122i,0.9996451239183535-0.02514489427299831i,1.373555020028014+0i,-0.117055029391799+7.544566732044605e-005i,6.308612859775771+0i
1320088.400831418+0i,0.4673624990370797-0.01881209354174302i,8.873634772140683e-006+0.0005851098806804957i,-56.9486769014844+0.8643111349780742i,0.9995922768715511-0.02695179422139808i,1.373555041340825+0i,-0.1170550380692834+8.086955431738441e-005i,6.308612863860999+0i
1414991.297434576+0i,0.4673201120498265-0.02016383226021094i,1.019502391652986e-005+0.0006271527692634667i,-56.94672932835987+0.92641601366284i,0.9995315620764826-0.02888840948899487i,1.37355506582822+0i,-0.1170550480392568+8.668337134616351e-005i,6.308612868555403+0i
1516716.888470923+0i,0.4672714150466857-0.02161259012861281i,1.17131240568354e-005+0.0006722132157679482i,-56.94449182622279+0.9929783824008628i,0.9994618088630995-0.03096402264683662i,1.373555093963041+0i,-0.1170550594942732+9.291515090736384e-005i,6.30861287394892+0i
1625755.666443795+0i,0.4672154692860711-0.02316530516076828i,1.345719990377228e-005+0.0007205070085392713i,-56.94192126231003+1.064317004208405i,0.9993816725851705-0.03318857369473149i,1.373555126288548+0i,-0.11705507265554+9.959494077594744e-005i,6.308612880145393+0i
1742633.386009651+0i,0.4671511965650355-0.02482940563824488i,1.546086379337064e-005+0.0007722651837733008i,-56.9389680959673+1.140773167143027i,0.9992896088330669-0.03557270503505904i,1.373555163428986+0i,-0.1170550877771738+0.0001067549488778476i,6.308612887265285+0i
1867913.599020783+0i,0.4670773585630699-0.02661284338907389i,1.776271963130283e-005+0.0008277350603754426i,-56.93557542954984+1.222712213267082i,0.9991838438459966-0.03812780915150343i,1.373555206101524+0i,-0.1170551051511974+0.0001144296985795232i,6.308612895445498+0i
2002200.371815586+0i,0.4669925331464424-0.02852412900522657i,2.040710159101133e-005+0.0008871813350734232i,-56.93167791966776+1.3105251566845i,0.999062340570519-0.04086607906561129i,1.373555255130191+0i,-0.1170551251130898+0.0001226561951420782i,6.308612904844346+0i
2146141.197858405+0i,0.4668950871922222-0.03057236903393776i,2.344492130848951e-005+0.0009508872388642719i,-56.92720052851976+1.404630392262464i,0.9989227597338923-0.04380056162148698i,1.373555311461711+0i,-0.1170551480483287+0.0001314741041385782i,6.308612915643032+0i
2300430.11977292+0i,0.4667831454292912-0.0327673051566515i,2.693463924551899e-005+0.001019155755210575i,-56.9220570922177+1.505475495670275i,0.9987624152121581-0.04694521361841469i,1.373555376183865+0i,-0.1170551743997975+0.0001409259426983937i,6.308612928050163+0i
2465811.075822605+0i,0.4666545547237078-0.03511935534112884i,3.094337807197643e-005+0.001092310899519849i,-56.91614867979082+1.613539114070397i,0.9985782228727747-0.05031496077075844i,1.373555450546443+0i,-0.117055204676327+0.0001510572844963762i,6.308612942305424+0i
2643081.486974107+0i,0.4665068431571056-0.03763965691541131i,3.554819837188293e-005+0.001170699058291073i,-56.90936171294345+1.72933294510357i,0.9983666419588548-0.05392575942171631i,1.373555535985384+0i,-0.1170552394625954+0.0001619169794746545i,6.30861295868365+0i
2833096.101839326+0i,0.4663371731584725-0.04034011146480604i,4.083755973266199e-005+0.0012546903848296i,-56.90156581258059+1.853403799626076i,0.9981236079554547-0.05779466086943105i,1.37355563415055+0i,-0.1170552794302881+0.0001735573893621249i,6.308612977501745+0i
3036771.118035461+0i,0.4661422878507713-0.04323343139232345i,4.691299335702644e-005+0.001344680246536993i,-56.89261133357312+1.986335740866613i,0.9978444557368948-0.06193987807696987i,1.373555746937526+0i,-0.1170553253511857+0.0001860346401141085i,6.308612999123244+0i
3255088.599835061+0i,0.4659184496639968-0.04633318790599837i,5.389101576379794e-005+0.00144109071638057i,-56.88232654418555+2.128752289132134i,0.9975238316365835-0.06638085442739733i,1.373555876524198+0i,-0.1170553781120612+0.0001994088924993304i,6.308613023964672+0i
3489101.213406776+0i,0.4656613701446977-0.04965386009954463i,6.190531693453229e-005+0.001544372098122556i,-56.87051440100391+2.28131867673602i,0.9971555929066869-0.07113833404625364i,1.373556025412907+0i,-0.1170554387317035+0.0002137446321341066i,6.308613052506336+0i
3739937.302478802+0i,0.465366129758346-0.05321088467133216i,7.110926042559663e-005+0.001655004471100811i,-56.85694886406089+2.444744132240995i,0.9967326928436975-0.07623443303978351i,1.373556196478753+0i,-0.117055508380669+0.0002291109803569254i,6.308613085299537+0i
4008806.32889847+0i,0.4650270863357806-0.05702070567537407i,8.167873749622614e-005+0.001773499235634495i,-56.84137069018505+2.619784166157245i,0.9962470496477647-0.08169271078053557i,1.373556393024951+0i,-0.117055588403914+0.0002455820274368469i,6.308613122976981+0i
4297004.704320846+0i,0.4646377706582947-0.06110082351036383i,9.381542217923498e-005+0.001900400634276633i,-56.82348263540425+2.807242821614208i,0.9956893968596305-0.08753824010318698i,1.373556618846898+0i,-0.1170556803466557+0.0002632371897389094i,6.308613166266654+0i
4605922.041145112+0i,0.4641907675103028-0.06546984212120172i,0.000107750479393076+0.002036287216913267i,-56.80294398962123+3.007974842882918i,0.9950491129813321-0.09379767494169825i,1.373556878305199+0i,-0.1170557859843109+0.0002821615925330797i,6.308613216004636+0i
4937047.85283901+0i,0.463677580355659-0.0701475131027381i,0.0001237487835749029+0.00218177320883136i,-56.77936435883845+3.222887701543983i,0.9943140276396205-0.1004993135311074i,1.373557176410021+0i,-0.1170559073567459+0.0003024464803180543i,6.308613273150959+0i
5291978.73595845+0i,0.463088477619011-0.07515477504708745i,0.0001421137107661339+0.00233750973001475i,-56.75229660218142+3.452943404089266i,0.9934702014005237-0.1076731547982629i,1.373557518917743+0i,-0.1170560468076565+0.0003241896566127592i,6.308613338809129+0i
5672426.068491987+0i,0.4624123183829505-0.08051378605142003i,0.0001631925723969387+0.0025041858006933i,-56.72122882313086+3.699159985243006i,0.9925016760992864-0.1153509449578377i,1.373557912442243+0i,-0.1170562070298029+0.0003474959553428575i,6.308613414247451+0i
6080224.261649433+0i,0.4616363551553537-0.08624794678853689i,0.0001873827638934948+0.002682529052125258i,-56.68557530718909+3.962612567643422i,0.9913901923257982-0.1235662105928619i,1.373558364582444+0i,-0.1170563911170824+0.0003724777460702382i,6.308613500922013+0i
6517339.604882435+0i,0.460746011232402-0.09238191092180266i,0.0002151387052482609+0.00287330604223914i,-56.6446662922833+4.244433840004631i,0.9901148705210716-0.1323542736098936i,1.373558884069201+0i,-0.117056602624155+0.0003992554755133366i,6.308613600507127+0i
6985879.74678526+0i,0.4597246301003179-0.09894157890159465i,0.0002469796532652133+0.003077322052551706i,-56.59773645441952+4.545813771674744i,0.9886518520221896-0.1417522423926681i,1.373559480933779+0i,-0.1170568456351824+0.0004279582479286274i,6.308613714925679+0i
7488103.857590037+0i,0.4585531943080237-0.1059540702934792i,0.0002834984655284639+0.003295420215125171i,-56.54391199060436+4.867998340752745i,0.9869738963776298-0.1517989722076155i,1.373560166701578+0i,-0.1170571248426436+0.0004587244471640842i,6.30861384638665+0i
8026433.522257191+0i,0.4572100113376834-0.1134476687395151i,0.0003253713931900845+0.003528479785627263i,-56.48219618540421+5.212287004736512i,0.985049931390577-0.1625349864123464i,1.373560954614735+0i,-0.1170574456379179+0.0004917024033432586i,6.308613997429148+0i
8603464.416684521+0i,0.4556703642446531-0.1214517324248495i,0.0003733689720466449+0.003777413340233255i,-56.41145335874938+5.580028586194056i,0.9828445526982108-0.1740023482574745i,1.373561859887742+0i,-0.117057814215445+0.0005270511073737108i,6.308614170969121+0i
9221978.823334348+0i,0.4539061252904706-0.1299965614963972i,0.0004283680672804878+0.004043162629669891i,-56.33039111336402+5.972615180457451i,0.9803174703425055-0.1862444710304684i,1.373562900001315+0i,-0.117058237692232+0.000564940976712894i,6.308614370358605+0i
9884959.046625607+0i,0.4518853315255218-0.1391132122490611i,0.0004913651043920492+0.004326692772840651i,-56.2375408338814+6.391473617383394i,0.9774229008379671-0.1993058519535244i,1.373564095039791+0i,-0.1170587242453866+0.0006055546760071787i,6.308614599446942+0i
10595601.79277618+0i,0.4495717223839912-0.1488332460582214i,0.0005634904843678297+0.004628984415208363i,-56.13123644052185+6.838053924830835i,0.9741089048260561-0.2132317126165663i,1.373565468079088+0i,-0.1170592832698703+0.0006490879965694778i,6.308614862658398+0i
11357333.58343108+0i,0.4469242409467997-0.1591883990125384i,0.0006460241314668058+0.004951023413987681i,-56.00959147340836+7.313814148477223i,0.9703166726878685-0.2280675258263519i,1.373567045632176+0i,-0.1170599255599717+0.0006957507988254861i,6.308615165075509+0i
12173827.27739664+0i,0.4438965027456661-0.170210156031431i,0.0007404120528794418+0.005293787544555852i,-55.87047468548105+7.820200782903091i,0.9659797636629168-0.2438584056448482i,1.373568858160998+0i,-0.1170606635176779+0.0007457680222388135i,6.308615512537625+0i
13049019.78014406+0i,0.4404362389851693-0.1819292110172457i,0.0008482836958728074+0.005658229652830053i,-55.71148445998493+8.358623966212099i,0.9610233083243698-0.2606483341896072i,1.373570940664679+0i,-0.1170615113920541+0.0007993807674915224i,6.308615911754915+0i
13987131.02647242+0i,0.4364847250338435-0.1943747924260834i,0.0009714697641421548+0.006045256610828044i,-55.5299225511089+8.930426490929056i,0.9553631899536799-0.2784791956662634i,1.373573333355241+0i,-0.1170624855543986+0.0008568474560211434i,6.308616370435918+0i
14992684.3278605+0i,0.4319762101798765-0.2075738317481624i,0.001112019994710461+0.006455703373606359i,-55.32276788273079+9.536845596935493i,0.9489052277264924-0.2973895853916545i,1.373576082433986+0i,-0.1170636048142372+0.0009184450723785267i,6.308616897437822+0i
16070528.18261643+0i,0.4268373711641329-0.221549951067666i,0.00127222019354588+0.006890301394584351i,-55.08665143967132+10.17896645150889i,0.941544393956899-0.3174133596740192i,1.373579240983581+0i,-0.1170648907823781+0.0009844704952725139i,6.308617502937119+0i
17225859.65398791+0i,0.4209868200742342-0.2363222455427946i,0.001454607576459962+0.007349640645991116i,-54.81783365670084+10.8576662064041i,0.9331641092078027-0.3385778919451423i,1.373582869992817+0i,-0.1170663682880816+0.001055241923454292i,6.308618198626483+0i
18464249.42895549+0i,0.414334706929681-0.2519038378749454i,0.001661983158008491+0.007834124529453928i,-54.51218615835805+11.57354757834775i,0.9236356730357991-0.3609020022986479i,1.373587039534064+0i,-0.1170680658582961+0.001131100403123571i,6.30861899793943+0i
19791668.67853563+0i,0.4067824687159303-0.2683001853561963i,0.001897419574859166+0.008343917071480515i,-54.1651802277257+12.32686106106321i,0.9128179045080991-0.3843935326310377i,1.373591830116091+0i,-0.1170700162681949+0.001212411463934052i,6.308619916310756+0i
21214517.84910636+0i,0.3982227895444623-0.2855071268099835i,0.002164262327338851+0.008878882008250042i,-53.77188497590625+13.11741518597197i,0.9005570851343308-0.4090465492159714i,1.373597334238268+0i,-0.1170722571736649+0.001299566871075763i,6.308620971474181+0i
22739657.52357935+0i,0.3885398505344251-0.3035086677507216i,0.002466121988969044+0.009438513707376972i,-53.32697882346419+13.94447475463823i,0.8866873167928253-0.4348381703141832i,1.373603658176117+0i,-0.117074831837935+0.001392986501445692i,6.308622183805188+0i
24374441.50122228+0i,0.3776099620035429-0.3222745185762572i,0.002806854497597177+0.01002186038831239i,-52.82477854800258+14.80664772361038i,0.8710314272731996-0.4617250400389458i,1.373610924032772+0i,-0.1170777899662568+0.001493120352437215i,6.308623576714569+0i
26126752.25563337+0i,0.3653026831140382-0.3417574237614671i,0.003190526250240275+0.0106274408248657i,-52.25929072905133+15.70176248619944i,0.8534025740450364-0.489639502863238i,1.373619272095789+0i,-0.117081188664897+0.001600450692259988i,6.308625177099035+0i
28005038.9418364+0i,0.3514825430074242-0.3618903508241539i,0.00362136044666845+0.01125315667358387i,-51.62429082983181+16.62673871104521i,0.8336067095938626-0.5184855772765749i,1.373628863544802+0i,-0.1170850935425697+0.001715494361419944i,6.308627015862086+0i
30018358.135756+0i,0.3360114796130926-0.3825836467462355i,0.004103661059702319+0.01189620378477113i,-50.9134352542974+17.57745668521987i,0.811446074746502-0.5481348828364406i,1.373639883562198+0i,-0.1170895799757533+0.001838805235347178i,6.308629128510771+0i
32176417.50250748+0i,0.3187521038266508-0.4037223160525976i,0.004641711074826992+0.01255298730314298i,-50.12041132780424+18.54863224706463i,0.7867238742487235-0.5784227414933946i,1.373652544906622+0i,-0.1170947345621434+0.001970976858765401i,6.308631555840925+0i
34489622.60405771+0i,0.2995718730734049-0.4251636268633735i,0.005239642379963548+0.01321904698970343i,-49.23912906170452+19.5337067884305i,0.7592502549378626-0.6091447487156391i,1.373667092018373+0i,-0.1171006567901028+0.002112645262965126i,6.308634344723664+0i
36969127.07195041+0i,0.2783482146689753-0.4467353048120387i,0.005901276045545432+0.01388900086665011i,-48.26395655869114+20.52476426770311i,0.7288496443962604-0.6400541866817188i,1.373683805735591+0i,-0.1171074609559913+0.002264491977647542i,6.308637549013772+0i
39626886.38701493+0i,0.254974571814041-0.4682346229902788i,0.006629933841670277+0.01455651679184561i,-47.1899978108238+21.51248939280697i,0.6953694111772848-0.6708607209495306i,1.373703008711845+0i,-0.1171152783665589+0.002427247249341518i,6.308641230585791+0i
42475715.52536916+0i,0.2293672514388103-0.4894287293952068i,0.007428224757698755+0.01521432260794545i,-46.01340734050466+22.48618266410593i,0.6586896735932584-0.7012308697294831i,1.373725071639669+0i,-0.1171242598679378+0.002601693479175069i,6.308645460531821+0i
45529350.74866968+0i,0.2014728350177566-0.5100565595517203i,0.008297813971231628+0.01585426570444884i,-44.73173070850549+23.43384825186141i,0.6187339148961752-0.7307907437665479i,1.373750420399386+0i,-0.1171345787501519+0.00278866889277098i,6.30865032053206+0i
48802515.83654451+0i,0.1712757779294969-0.5298326476478318i,0.009239185938965857+0.0164674317605422i,-43.34425368517378+24.34236910530591i,0.575479868527716-0.7591315056549881i,1.373779544270728+0i,-0.1171464340821038+0.002989071455690167i,6.308655904434236+0i
52310993.08056284+0i,0.1388056838656606-0.5484530624067981i,0.01025141761740935+0.01704432972083951i,-41.85233649098758+25.1977796877233i,0.5289699379106703-0.78581787262815i,1.373813005364635+0i,-0.1171600545409727+0.003203863047603637i,6.308662320063643+0i
56071699.38205481+0i,0.104143619403321-0.565603546500058i,0.01133198160568182+0.01757514546035241i,-40.25970393510285+25.98563995836357i,0.4793202413770246-0.8103997757029818i,1.373851449456498+0i,-0.1171757028084566+0.003434073908868888i,6.308669691307558+0i
60102767.82070408+0i,0.06742675713533908-0.580969731993066i,0.01247660139434234+0.01805006016331233i,-38.57265875544092+26.69150474251454i,0.4267272629344947-0.8324269925395398i,1.373895618427885+0i,-0.1171936806176002+0.003680807372340848i,6.308678160505338+0i
64423635.087214+0i,0.0288506324675637-0.5942490533025063i,0.01367918100659793+0.01845962161519734i,-36.80018531290655+27.3014710976204i,0.371471084867214-0.851466211826039i,1.373946364555358+0i,-0.1172143345453895+0.003945244893356768i,6.308687891198161+0i
69055135.20162357+0i,-0.011331606606373-0.6051637123051968i,0.01493182838153466+0.01879514828872415i,-34.95391512065987+27.80277402280591i,0.3139143131001567-0.867119604783392i,1.374004666918952+0i,-0.1172380626605002+0.004228651389363528i,6.308699071286618+0i
74019599.96915676+0i,-0.05281337437753619-0.6134738094737011i,0.01622498551855727+0.01904913859877845i,-33.04793501965332+28.18438979661498i,0.2544960971245334-0.8790436345130703i,1.374071650243696+0i,-0.1172653221510428+0.004532380899681366i,6.308711916659665+0i
79340966.65797527+0i,-0.09524236122611174-0.618989588854799i,0.01754766894570766+0.01921565252441169i,-31.09843274935064+28.43759859779262i,0.1937210807833474-0.886966596050952i,1.37414860653287+0i,-0.1172966380751404+0.004857882573653187i,6.308726675362767+0i
85044893.41802718+0i,-0.1382315293185988-0.6215816981985879i,0.01888781249865578+0.01929063134611817i,-29.12319172392401+28.55645592699615i,0.1321436520973836-0.8907033133717481i,1.374237019904044+0i,-0.1173326133971482+0.005206706992843768i,6.308743632388023+0i
91158882.99750865+0i,-0.1813727474888838-0.6211884671354013i,0.02023269237405142+0.01927212441357493i,-27.14096454476117+28.53812701509413i,0.07034841274189896-0.8901655651045544i,1.374338595099091+0i,-0.1173739404955519+0.005580512829163996i,6.308763115177149+0i
97712415.35346544+0i,-0.224252088150796-0.6178194575941554i,0.02156940399477073+0.01916039969304606i,-25.1707701469371+28.38304995013515i,0.008928266838285515-0.8853671706751499i,1.374455290206824+0i,-0.1174214143541748+0.005981073835905647i,6.308785499944843+0i
104737089.7959455+0i,-0.266465588555769-0.6115549117256318i,0.02288535334951503+0.01895792641155584i,-23.23116961027728+28.09491030477914i,-0.05153815538402085-0.8764232001083028i,1.374589354215363+0i,-0.1174759476777842+0.006410286162323515i,6.308811218942831+0i
112266777.3510819+0i,-0.3076342158106189-0.6025411560736471i,0.02416872350835729+0.0186692316284241i,-21.33957855566991+27.68042996324913i,-0.1105079334049098-0.8635433916357604i,1.374743370099095+0i,-0.1175385882057526+0.006870175974163137i,6.308840768806781+0i
120337784.0777595+0i,-0.3474168825887369-0.5909824443400619i,0.0254088803676344+0.01830064577035191i,-19.51166910709699+27.1489923103339i,-0.1674925000680713-0.8470204680213006i,1.374920304246359+0i,-0.1176105385342706+0.007362907352191007i,6.308874720146782+0i
128989026.1253315+0i,-0.3855206166355782-0.5771300649182384i,0.02659668966346315+0.01785996288490592i,-17.76090262961098+26.51214174301325i,-0.222072208362886-0.8272145350117001i,1.375123563147169+0i,-0.1176931787983977+0.007890790427261752i,6.308913728565355+0i
138262217.3764663+0i,-0.4217073417827436-0.56126975244462i,0.02772472834803923+0.01735604800971537i,-16.09821815990873+25.78300525552949i,-0.2739060445695722-0.8045350505295588i,1.375357058390503+0i,-0.1177880926106826+0.008456289694123768i,6.308958547316876+0i
148202070.5798866+0i,-0.455797116180832-0.5437085033806007i,0.02878738551843377+0.01679842594888655i,-14.53188361873941+24.97568664060685i,-0.3227362667655636-0.7794219402600097i,1.375625281165764+0i,-0.1178970967026107+0.009062032425178924i,6.309010041852889+0i
158856512.9428061+0i,-0.4876680311625815-0.524761813630895i,0.02978085923873665+0.01619688319157298i,-13.06750045892643+24.10468008155451i,-0.3683882600598346-0.7523273178187804i,1.375933387628312+0i,-0.1180222747698713+0.009710817079606082i,6.309069206534164+0i
170276917.2225909+0i,-0.5172532529628164-0.5047421655086855i,0.03070306428826949+0.01556110876271213i,-11.70813959195068+23.18434114799664i,-0.4107662992943576-0.7236989945381863i,1.376287296673195+0i,-0.1181660160808929+0.01040562157117609i,6.309137183830837+0i
182518349.4319053+0i,-0.5445358635230326-0.4839493390232532i,0.03155347129293654+0.01490039192944732i,-10.45457844113165+22.22844161384332i,-0.4498461591901956-0.6939666024659628i,1.376693801868538+0i,-0.1183310594707372+0.0111496112189074i,6.30921528638339+0i
195639834.3517075+0i,-0.5695422230864563-0.462662856211189i,0.0323328997691237+0.01422338638630593i,-9.305605914952094+21.24982228239627i,-0.4856656071386625-0.6635307727912319i,1.377160699530097+0i,-0.1185205434079057+0.01194614615621372i,6.309305022349039+0i
209704640.1323244+0i,-0.5923345517808042-0.4411366259054914i,0.03304328681424025+0.01353794301886966i,-8.258363266131184+20.26014691513294i,-0.5183137772999837-0.6327554662377981i,1.377696935174057+0i,-0.1187380628885089+0.01279878791559017i,6.309408124523559+0i
224780583.3548738+0i,-0.6130033359443923-0.4195956648953428i,0.0336874503272384+0.01285100737748228i,-7.308693003561872+19.26975156446146i,-0.5479202936922162-0.6019632777460059i,1.378312770866284+0i,-0.1189877339784984+0.01371130483427046i,6.309526583800032+0i
240940356.0239539+0i,-0.6316600364092875-0.3982346403663411i,0.03426886163508079+0.01216857390662333i,-6.45147393040656+18.28757758872669i,-0.5746448258312764-0.5714333500312255i,1.379019976293225+0i,-0.1192742668866339+0.01468767584043286i,6.309662687611775+0i
258261876.0682691+0i,-0.6484304360429434-0.3772179064457584i,0.03479143803927853+0.01149568672888515i,-5.680926810260599+17.32117331653185i,-0.5986675600743296-0.5414014273817897i,1.379832046712032+0i,-0.1196030485045434+0.0157320920759601i,6.309819064100399+0i
276828663.0392082+0i,-0.6634488318916224-0.3566806854288888i,0.03525936168272079+0.01083647608880915i,-4.990881226438187+16.37674830517457i,-0.6201808808037885-0.5120615491909477i,1.380764451292054+0i,-0.1199802353886057+0.01684895568885443i,6.309998732862311+0i
296730240.8188887+0i,-0.6768531652572261-0.3367310589685094i,0.03567692764491139+0.01019422002019708i,-4.374999346092739+15.4592648136935i,-0.639382395145262-0.4835689037825997i,1.381834915733688+0i,-0.1204128581736706+0.0180428749828934i,6.310205163253378+0i
318062569.2794138+0i,-0.6887810963791183-0.3174524729021513i,0.03604842147192484+0.009571421997287487i,-3.826956282699385+14.57255287506228i,-0.6564693107826513-0.4560434180841669i,1.383063743435069+0i,-0.1209089383887637+0.01931865494162476i,6.310442341376978+0i
340928506.9746832+0i,-0.6993669695087161-0.2989065098970022i,0.03637802444911704+0.008969896904567844i,-3.340579547892608+13.71943767264507i,-0.671634089225061-0.4295737310436253i,1.384474179862612+0i,-0.1214776185755414+0.0206812819463146i,6.310714847048726+0i
365438307.0957278+0i,-0.708739576306835-0.2811357378245546i,0.03666974374414443+0.00839085933497267i,-2.909951823132088+12.90187039488401i,-0.6850612426542238-0.4042212756537064i,1.386092825152688+0i,-0.1221293064721196+0.02213590128168111i,6.311027942223737+0i
391710149.0809283+0i,-0.7170206063229163-0.2641664927071551i,0.03692736394987527+0.007835009813844976i,-2.529482162535467+12.12105608229068i,-0.6969251150222747-0.3800242673984876i,1.387950100306806+0i,-0.1228758337938894+0.02368778576897295i,6.311387672592431+0i
419870708.4443935+0i,-0.7243236680819287-0.2480114996971125i,0.03715441639325619+0.007302615936906445i,-2.193950978690547+11.37757403091493i,-0.7073884805750286-0.35700146084914i,1.390080772614187+0i,-0.1237306297889611+0.02534229358638531i,6.311800984306946+0i
450055767.5700525+0i,-0.7307537685971035-0.2326722723030074i,0.037354162709584+0.00679358655618477i,-1.898533966053997+10.67148800521234i,-0.7166017991260476-0.3351555887820349i,1.392524546104263+0i,-0.1247089092325897+0.02710481303679653i,6.312275858089461+0i
482410870.41654+0i,-0.7364071492560909-0.2181412587719279i,0.03752958949692232+0.006307538042294955i,-1.638809651142867+10.00244483164805i,-0.724702981918056-0.3144764392939191i,1.395326722851927+0i,-0.1258278738091229+0.02898069171443084i,6.31282146331141+0i
517092024.289679+0i,-0.7413713891541938-0.2044037258075885i,0.03768341127404259+0.005843852314529733i,-1.410754655639432+9.369760921730508i,-0.7318175407122431-0.2949435568578461i,1.398538940766268+0i,-0.1271069248613858+0.03097514722222804i,6.313448335015985+0i
554266452.066314+0i,-0.745725701041934-0.1914393847156829i,0.03781807940398994+0.005401726795026904i,-1.210730110991844+8.772496958307151i,-0.7380590129361593-0.2765285746226787i,1.402219993018724+0i,-0.1285678842117508+0.03309315632826917i,6.314168577299419+0i
594113398.4965071+0i,-0.7495413587773063-0.1792237748249833i,0.03793579507245221+0.004980216747440606i,-1.035462032582522+8.209521427270017i,-0.7435295753807397-0.2591971992351432i,1.406436733418309+0i,-0.1302352181184893+0.03533931926172325i,6.314996096974279+0i
636824994.4718628+0i,-0.7528822077294807-0.1677294248061723i,0.03803852480071575+0.004578270640547177i,-0.882017884636314+7.679563942096377i,-0.7483207769261466-0.2429108777331907i,1.41126507072199+0i,-0.1321362573724002+0.03771769579097124i,6.315946872021606+0i
682607183.4272432+0i,-0.7558052205706261-0.1569268153387471i,0.03812801731463873+0.004194759265454709i,-0.7477810621224126+7.181259438607711i,-0.7525143365218123-0.2276281801104876i,1.41679105296355+0i,-0.1343014040188603+0.04023160987136553i,6.317039260008627+0i
731680714.3427244+0i,-0.7583610701873178-0.1467851673255153i,0.03820582087974696+0.003828499358565385i,-0.6304245888774336+6.713184351758523i,-0.7561829659643632-0.2133059322244451i,1.423112040285023+0i,-0.1367643121934978+0.04288342008982776i,6.318294352418459+0i
784282206.1337732+0i,-0.7605946990862261-0.1372730792120704i,0.03827330044958834+0.003478272462623496i,-0.5278849800420875+6.273885856770612i,-0.7593911879702306-0.1999001327995993i,1.430337961350543+0i,-0.1395620271097178+0.04567425398065013i,6.319736381721737+0i
840665288.5618382+0i,-0.7625458708027078-0.1283590354596654i,0.03833165416429407+0.003142839711440554i,-0.4383369351245971+5.8619051876077i,-0.7621961288317244-0.187366686115509i,1.438592644135127+0i,-0.1427350624266747+0.04860370567084108i,6.3213931890346+0i
901101825.1665082+0i,-0.7642496936352939-0.1200118062289399i,0.03838192888477728+0.00282095316224347i,-0.3601693068630075+5.47579595432319i,-0.764648271847954-0.1756619791147316i,1.448015206671965+0i,-0.1463273922431548+0.05166949837158916i,6.32329676137237+0i
965883224.1158769+0i,-0.7657371107273894-0.1122007561305967i,0.03842503456147654+0.002511364231544701i,-0.2919626212059567+5.114138279691325i,-0.7667921630268285-0.1647433285109249i,1.458761487257556+0i,-0.1503863301220902+0.05486711609447153i,6.325483848845191+0i
1035321843.295669+0i,-0.7670353532965182-0.1048960776708596i,0.03846175732113255+0.002212829721739456i,-0.2324682961284462+4.775549473181134i,-0.7686670645434286-0.1545693202821608i,1.47100548680602+0i,-0.154962264322915+0.05818941273186293i,6.327996673676769+0i
1109752496.41208+0i,-0.7681683558497978-0.09806896288155008i,0.0384927712163129+0.001924115859999261i,-0.1805896134391853+4.458691862139606i,-0.7703075543691866-0.1451000608680072i,1.48494078882257+0i,-0.1601082164553216+0.06162621132303211i,6.330883744688427+0i
1189534067.370328+0i,-0.7691571336774363-0.09169172464592564i,0.03851864862509549+0.001644000710661124i,-0.1353644310778756+4.162278309189532i,-0.7717440725784046-0.1362973565492444i,1.500781915321683+0i,-0.1658791908929835+0.06516391183113351i,6.334200792911839+0i
1275051240.713023+0i,-0.7700201239150224-0.08573787744711661i,0.03853986931654452+0.001371275268374451i,-0.09594957762266045+3.88507586293361i,-0.7730034162814516-0.1281248349264164i,1.518765570646949+0i,-0.1723312854608062+0.06878513180372435i,6.338011846311784+0i
1366716356.462017+0i,-0.7707734921180429-0.08018218568819005i,0.03855682821470517+0.001104743492227089i,-0.0616068408753731+3.625907916649879i,-0.7741091860821663-0.1205480201445671i,1.539151720451485+0i,-0.1795205411353125+0.07246841036967218i,6.342390464259681+0i
1464971398.307297+0i,-0.771431406685406-0.07500068635875529i,0.03856984190249433+0.0008432215009469339i,-0.03169044447001419+3.383655186639767i,-0.775082187535151-0.1135343715321932i,1.562224451109+0i,-0.1875015206520116+0.07618801135921664i,6.347421155447058+0i
1570290124.729389+0i,-0.772006283671682-0.07017069164073549i,0.03857915390921201+0.0005855361158232507i,-0.005635897291709637+3.157255767709089i,-0.7759407913855632-0.1070532936150447i,1.58829255661797+0i,-0.1963256235125432+0.0799138648801786i,6.353201006423345+0i
1683180353.330969+0i,-0.772509004594088-0.06567077603860835i,0.03858493882311563+0.0003305229108408193i,0.01704990237174854+2.945704477156041i,-0.776701256486769-0.1010761240051282i,1.617689806563265+0i,-0.2060391677967145+0.08361168721223554i,6.359841551946405+0i
1804186409.392086+0i,-0.7729491098112711-0.0614807517679838i,0.03858730526488795+7.702390826184288e-005i,0.0367974244960596+2.748051659739708i,-0.7773780192689479-0.09557610442415314i,1.650774860467291+0i,-0.2166812963400978+0.08724331513802935i,6.367470922921537+0i
1933891750.455246+0i,-0.7733349699580381-0.0575816354213693i,0.03858629774990485-0.0001761149578649098i,0.05398223887559531+2.563401593522347i,-0.7779839535191873-0.0905283390697295i,1.687930810821853+0i,-0.2282817940174992+0.0907672817914409i,6.376236312955554+0i
2072921779.595387+0i,-0.7736739377866937-0.05395560833258768i,0.03858189745776302-0.0004300464983600033i,0.06893182628491454+2.390910609366592i,-0.7785306040639812-0.08590974364412984i,1.729564358322883+0i,-0.2408589306845763+0.09413964630314912i,6.386306810561392+0i
2221946860.939541+0i,-0.7739724826087269-0.05058597256415363i,0.03857402191721267-0.0006859249394557487i,0.08193156752725625+2.229785014437793i,-0.7790283977424252-0.08169898761293047i,1.776104646448421+0i,-0.2544174664716589+0.09731506938064594i,6.39787665091972+0i
2381685551.976177+0i,-0.7742363093625106-0.04745710402921614i,0.03856252360400508-0.0009449085017599924i,0.09323000070266015+2.079278891602574i,-0.7794868348396631-0.07787643162055527i,1.82800180575317+0i,-0.2689469679843807+0.100248103009859i,6.411168948955602+0i
2552908068.239538+0i,-0.7744704641620098-0.04455440391745263i,0.03854718743873564-0.001208161778201747i,0.1030434289732932+1.938691831502106i,-0.7799146639265577-0.07442406143969858i,1.885725277729374+0i,-0.2844205815210278+0.1028946373822688i,6.426439984452514+0i
2736439997.074693+0i,-0.7746794280139474-0.04186424931029663i,0.03852772716207654-0.00147685779266468i,0.1115599532186431+1.807366641768873i,-0.7803200428297731-0.07132541935254122i,1.949762000358338+0i,-0.3007943902578965+0.1052134254696915i,6.443984120151096+0i
2933166278.390069+0i,-0.7748672002299741-0.03937394363446509i,0.03850378055646224-0.001752179607091063i,0.1189429964419204+1.684687067882358i,-0.7807106882395275-0.06856553343605711i,2.020614539663385+0i,-0.3180074465696261+0.1071675892024171i,6.464139445429613+0i
3144035471.591526+0i,-0.7750373729080123-0.03707166740477502i,0.03847490347706285-0.002035321325559698i,0.1253343797258066+1.57007555212553i,-0.7810940162500393-0.06613084483621354i,2.098799241989267+0i,-0.3359825212700106+0.1087260042535532i,6.487294251418592+0i
3370064329.271956+0i,-0.77519319771366-0.03494642953987813i,0.03844056265169221-0.002327488318853625i,0.1308570030057219+1.462991050675693i,-0.7814772759172338-0.06400913275281796i,2.184844460321593+0i,-0.354627554314737+0.1098644649721126i,6.513894458461711+0i
3612342699.709462+0i,-0.7753376460579196-0.03298801939116164i,0.03840012721035764-0.002629896461950308i,0.1356171779626799+1.36292692376019i,-0.7818676777039844-0.06218943650618864i,2.279288876426855+0i,-0.3738377339085736+0.1105665471233167i,6.544452133913241+0i
3872038781.812588+0i,-0.7754734636402607-0.03118695950008102i,0.0383528589120126-0.00294377013932132i,0.1397066549428228+1.269408909795628i,-0.7822725184566853-0.06066197370862454i,2.382679902145213+0i,-0.3934980808373693+0.1108241118305597i,6.579555257590582+0i
4150404757.850511+0i,-0.7756032202041263-0.02953445898801733i,0.03829790105070746-0.003270338728661777i,0.1432043809795553+1.181993191314731i,-0.7826993043070927-0.05941805320945687i,2.495572101958255+0i,-0.4134863787813706+0.110637425829627i,6.619878914019371+0i
4448782831.127623+0i,-0.7757293552327509-0.02802236738172706i,0.03823426604824323-0.003610831222640673i,0.1461780217110067+1.100264558105855i,-0.7831558726056568-0.0584499811165804i,2.618525539394715+0i,-0.4336762734249045+0.1100149062855803i,6.666198115169904+0i
4768611697.714511+0i,-0.7758542201932303-0.02664312858388917i,0.0381608217787381-0.003966468590830012i,0.1486852762311085+1.023834671211739i,-0.783650513649128-0.05775095781687355i,2.75210391594787+0i,-0.4539403642770035+0.1089725284679867i,6.719402484935947+0i
5111433483.440211+0i,-0.7759801178121747-0.02538973461051396i,0.03807627672601781-0.004338453421109045i,0.1507750106674224+0.9523404301422559i,-0.7841920925442376-0.05731496352443308i,2.896872346159538+0i,-0.4741531311602055+0.1075329579211278i,6.780513067388475+0i
5478901179.59399+0i,-0.7761093387323649-0.02425567863465413i,0.03797916415197671-0.00472795631347672i,0.1524882335258808+0.8854424447522189i,-0.7847901710250125-0.05713662948613546i,3.053394598606974+0i,-0.4941935679587894+0.1057244832696897i,6.850701555058773+0i
5872786613.189533+0i,-0.7762441957513784-0.02323490680003982i,0.03786782555828649-0.005136098432612694i,0.1538589335683371+0.8228236126315436i,-0.7854551283841651-0.05721109158389746i,3.222229631081207+0i,-0.5139474339499168+0.1035798309757298i,6.931312271326544+0i
6294988990.221944+0i,-0.7763870556745092-0.02232176820191208i,0.03774039386089861-0.005563929563867246i,0.1549147991839653+0.7641878024682336i,-0.7861982798562633-0.05753382271773205i,3.403927260058954+0i,-0.5333090723701907+0.1011349401525787i,7.023887282487748+0i
6747544053.110755+0i,-0.776540368619556-0.02151096238077448i,0.03759477687283764-0.00601240096831384i,0.1556778368740936+0.7092586435913595i,-0.7870319897677935-0.05810044007303537i,3.59902283014248+0i,-0.5521827821743498+0.09842776587221544i,7.130195060207448+0i
7232633896.483603+0i,-0.7767066943846359-0.02079748364627698i,0.03742864191169043-0.006482332307018846i,0.156164905587263+0.6577784216927273i,-0.7879697755140532-0.05890648322703419i,3.808030788870198+0i,-0.5704837589935176+0.09549716564918598i,7.252263163597512+0i
7752597488.629533+0i,-0.7768887252275081-0.02017656155481433i,0.03723940261863607-0.006974371917793214i,0.1563881832095885+0.6095070804626717i,-0.7890263969088691-0.05994715911278295i,4.031437126457459+0i,-0.5881386433905007+0.09238190828890971i,7.392415461614735+0i
8309941949.353471+0i,-0.7770893041037221-0.01964359692164473i,0.03702420939787222-0.00748894979923356i,0.1563555815179466+0.564221328442211i,-0.7902179236685387-0.06121705024049038i,4.269690708495237+0i,-0.6050857282923724+0.08911982902114689i,7.55331447001628+0i
8907354638.610523+0i,-0.7773114370729115-0.01919409287696929i,0.03677994525619438-0.008026222812016282i,0.1560711263046074+0.5217138496566637i,-0.7915617717497642-0.06270978341011195i,4.523193611405089+0i,-0.6212748836393125+0.08574714122181872i,7.738009431423758+0i
9547716114.208149+0i,-0.7775582982158418-0.01882358070055131i,0.0365032292320317-0.008586011876689319i,0.1555353201144387+0.4817926154007299i,-0.7930766970171013-0.06441765759984108i,4.792290662971889+0i,-0.6366672561606801+0.08229790389925547i,7.949990820186823+0i
10234114021.05463+0i,-0.7778332250268599-0.01852754051989488i,0.03619043002998335-0.009167731365468978i,0.1547455059844481+0.4442802927218781i,-0.7947827323834645-0.06633123196957069i,5.077258488795396+0i,-0.6512347974246185+0.07880363581428118i,8.193252002925023+0i
10969857978.92394+0i,-0.7781397018876799-0.01830131746310888i,0.03583769288385968-0.009770311489457418i,0.1536962515571451+0.4090137425220503i,-0.7967010523460291-0.06843887817367468i,5.378294462593241+0i,-0.6649596656068939+0.07529306155720383i,8.472358827014888+0i
11758495540.52168+0i,-0.7784813289362629-0.0181400345472343i,0.03544098300135852-0.01039211530587455i,0.1523797736826061+0.3758435966075004i,-0.7988537470361818-0.07072630561433539i,5.695506043823736+0i,-0.6778335373638645+0.07179197180237422i,8.792527937677399+0i
12603829296.7974+0i,-0.7788617734862849-0.01803850447479004i,0.03499614911573877-0.01103085303502609i,0.1507864237515937+0.3446338983542844i,-0.8012634869520687-0.07317607400702525i,6.028901047890486+0i,-0.6898568571185281+0.06832317884923082i,9.159714632825873+0i
13509935211.9804+0i,-0.7792847012172599-0.01799114360562073i,0.03449901057735543-0.01168349768398177i,0.1489052530216815+0.3152617859163797i,-0.8039530600206841-0.07576711467439587i,6.378379419448292+0i,-0.7010380430337577+0.06490654894053737i,9.580711044529863+0i
14481182276.74548+0i,-0.7797536847510866-0.0179918926363244i,0.03394547093067835-0.01234620748570846i,0.1467246745153153+0.2876171902495274i,-0.806944765243158-0.07847429013105683i,6.743727056871269+0i,-0.7113926626889067+0.0615590942466392i,10.06325537549069+0i
15522253574.27063+0i,-0.7802720880770685-0.01803414987766068i,0.03333165989713248-0.01301426228541958i,0.1442332330298654+0.2616025130726896i,-0.8102596526833036-0.08126803026715392i,7.124612158898357+0i,-0.7209425873917579+0.05829510939991055i,10.61615280420699+0i
16638168860.76146+0i,-0.7808429266978714-0.0181107243322612i,0.03265410398447904-0.01368202257356346i,0.141420486784354+0.2371322429869912i,-0.8139166086992669-0.08411409188598425i,7.520584432827158+0i,-0.72971513220264+0.05512633971458125i,11.24940848642725+0i
17834308769.31928+0i,-0.7814687054236222-0.01821381683023182i,0.0319099234733083-0.01434292112513178i,0.1382779927962675+0.2141324624503265i,-0.8179312986090732-0.08697349514271471i,7.931077325927704+0i,-0.7377421888544613+0.05206217047578762i,11.97437280292522+0i
19116440753.85722+0i,-0.7821512384487633-0.0183350379981955i,0.03109705028033383-0.01498949782165792i,0.134800373182719+0.1925401956743023i,-0.8223149964777349-0.08980269375721854i,8.355413235153986+0i,-0.7450593602859466+0.04910982875192137i,12.80389861182961+0i
20490746898.15868+0i,-0.7828914595977761-0.01846547148753262i,0.03021445729651379-0.01561348780958704i,0.1309864217920643+0.1723025495471665i,-0.8270733527163505-0.09255403360253979i,8.792811438627018+0i,-0.7517051077543654+0.04627459097455369i,13.75250973332711+0i
21963853724.16569+0i,-0.7836892341531285-0.01859578933707078i,0.02926238556690849-0.01620597128779041i,0.1268401913347834+0.1533756081841476i,-0.8322051729616947-0.09517654425364164i,9.242398302614744+0i,-0.7577199236956294+0.0435599910024158i,14.83657920158355+0i
23542864143.22442+0i,-0.7845431870290165-0.01871642333604659i,0.02824255166086674-0.01675758960856934i,0.1223719829296407+0.1357230580551077i,-0.8377013033378615-0.09761708865324213i,9.703219174931107+0i,-0.7631455449747143+0.04096802455143872i,16.07451494315509+0i
25235391704.34793+0i,-0.7854505646040392-0.01881779170266601i,0.02715831452257566-0.01725882692215657i,0.1175991460672465+0.1193145452806627i,-0.8435437336668943-0.09982186668279383i,10.17425129849749+0i,-0.7680242214400411+0.03849934677626581i,17.48694947237366+0i
27049597304.63164+0i,-0.7864071485511768-0.01889057450168289i,0.02601477986004291-0.01770034953364823i,0.1125465913119325+0.1041237985465225i,-0.8497050368247827-0.1017382304050397i,10.65441707625844+0i,-0.7723980535566173+0.03615346049109732i,19.09692893915243+0i
28994228538.82908+0i,-0.7874072388171309-0.01892602454873979i,0.02481882154833351-0.01807338714149828i,0.1072469243119788+0.09012658715866767i,-0.8561482547999106-0.1033167256674692i,11.14259708892604+0i,-0.7763084104231739+0.0339288930820429i,20.93009545931049+0i
31078661877.82046+0i,-0.788443719043867-0.01891629400972278i,0.02357900414297806-0.01837013229019458i,0.1017401303496798+0.07729861909496846i,-0.8628273171268843-0.1045132325580397i,11.63764239872106+0i,-0.7797954359912208+0.03182336064256897i,23.01485518173392+0i
33312947879.34709+0i,-0.7895082111580295-0.01885475167876836i,0.02230539846382378-0.01858412810848544i,0.0960727739228574+0.06561351215450449i,-0.8696880350138556-0.1052910434895497i,12.13838584721977+0i,-0.7828976472554137+0.02983391829529125i,25.38252314260761+0i
35707859649.00501+0i,-0.7905913171153967-0.01873626322548914i,0.02100929267534029-0.01871061117598488i,0.0902967248163839+0.05504098591229014i,-0.8766696581179567-0.1056227003057839i,12.64365225233235+0i,-0.7856516240693556+0.02795709606693676i,28.06743484932272+0i
38274944785.16354+0i,-0.7916829360038311-0.01855740749175445i,0.01970281300749444-0.01874677730472325i,0.08446747472987547+0.04554541803156703i,-0.8837069178160476-0.1054914168878534i,13.1522676072992+0i,-0.788091786497394+0.02618902006345562i,31.10701405220215+0i
41026581058.27237+0i,-0.7927726354383499-0.01831660657237277i,0.01839847936406474-0.01869194359510184i,0.07864215837827852+0.03708488351458937i,-0.890732421024681-0.1048919437534399i,13.66306756489149+0i,-0.7902502525611661+0.02452551904359671i,34.54178674234567+0i
43976036093.02768+0i,-0.7938500490967633-0.01801415554495826i,0.01710872955122307-0.01854758986378328i,0.07287743107676305+0.02961075177193599i,-0.8976792129222954-0.1038307835862962i,14.17490563773229+0i,-0.7921567670541234+0.02296221680176356i,38.41533361227224+0i
47137531341.16776+0i,-0.7949052687182369-0.01765214816406449i,0.01584545008189502-0.018317275057042i,0.0672273737573628+0.02306786019653894i,-0.904483304184786-0.1023257340376349i,14.68666164905054+0i,-0.7938386908146708+0.02149461103478176i,42.77417766851649+0i
50526310653.35736+0i,-0.795929199630889-0.01723430589940329i,0.01461955061934457-0.0180064375158487i,0.06174159231340649+0.01739522341817204i,-0.9110859631481684-0.1004048055127749i,15.19725101779165+0i,-0.7953210393958902+0.02011813957576706i,47.66761103887476+0i
54158713780.79533+0i,-0.7969138537366086-0.01676572752522605i,0.01344061329815005-0.01762209972944134i,0.05646365194427037+0.01252718456305091i,-0.9174356046813813-0.09810462504560599i,15.70563544966411+0i,-0.7966265603037773+0.01882823502979323i,53.14747580430662+0i
58052255160.94964+0i,-0.7978525618905416-0.01625258350251749i,0.01231663856550469-0.01717250663933037i,0.05142994400614846+0.008394877026913298i,-0.9234891592239228-0.09546848273729787i,16.2108355240172+0i,-0.7977758387210683+0.0176203689434906i,59.26792814013498+0i
62225708367.30299+0i,-0.7987400972469883-0.01570178272910096i,0.01125389764403559-0.01666673054736811i,0.04666903096114299+0.004927847380886831i,-0.9292128675972233-0.0925441987338274i,16.71194550934247+0i,-0.798787422714171+0.01649008669082549i,66.08523287400753+0i
66699196630.30196+0i,-0.7995727107262531-0.01512063875239944i,0.01025689023735018-0.01611427510469114i,0.0422014633847198+0.002055692674674047i,-0.9345825090204244-0.08938198561239652i,17.20815050468658+0i,-0.7996779601808187+0.01543303426918085i,73.65765568233795+0i
71494289865.97659+0i,-0.8003480878485351-0.01451655885185735i,0.009328396406021011-0.01552470643945394i,0.0380400193935814-0.000290414684405538i,-0.9395831219624297-0.08603245725168275i,17.69874569343588+0i,-0.8004623411127059+0.01444497818325477i,82.04554051275355+0i
76634108680.07546+0i,-0.8010652418484509-0.01389677358137751i,0.008469604752074507-0.01490733251221926i,0.03419028631505233-0.002176409922785655i,-0.9442083140254083-0.08254489773236191i,18.18315712263018+0i,-0.8011538400324967+0.01352181955820447i,91.31167740903833+0i
82143435849.19522+0i,-0.8017243608960392-0.013268117651496i,0.007680295561007122-0.01427094374798882i,0.03065148871840304-0.003664286022541361i,-0.9484592758437509-0.07896586051905788i,18.66096301127195+0i,-0.8017642546635032+0.01265960357487504i,101.5220769546725+0i
88048835816.43565+0i,-0.8023266276087127-0.01263686653573822i,0.006959057120395862-0.01362362021202258i,0.0274174649821124-0.004811335210579066i,-0.9523436162974333-0.07533812626912961i,19.13191418628971+0i,-0.8023040379753538+0.01185452526292725i,112.7472681140334+0i
94378782777.75491+0i,-0.8028740274054088-0.01200862770729342i,0.006303515390302724-0.01297260403307451i,0.02447770335314319-0.005669676508187672i,-0.9558741258040611-0.07170001226881134i,19.59595190026615+0i,-0.8027824217121321+0.01110293262281679i,125.0642231715633+0i
101163797976.6219+0i,-0.803369159347984-0.01138828138094143i,0.005710560681772057-0.0123242309477169i,0.02181836409344927-0.006286042286028169i,-0.9590675557069249-0.06808500048790872i,20.05322106493666+0i,-0.8032075303544448+0.01040132797194309i,138.5589854293199+0i
108436596868.9623+0i,-0.8038150596371473-0.01077996314336423i,0.005176559165513327-0.01168391185359894i,0.0194232330274708-0.006701783314304357i,-0.9619434793422393-0.06452163516597016i,20.50407690199883+0i,-0.8035864852007548+0.009746368317940636i,153.3300337875656+0i
116232246867.9867+0i,-0.8042150444507591-0.01018707974792956i,0.004697541200751169-0.01105615393253049i,0.01727457053349295-0.006953045802180368i,-0.9645232779233388-0.06103363369792441i,20.94908321688946+0i,-0.8039254988806415+0.009134865445415469i,169.4923679509192+0i
124588336429.5023+0i,-0.8045725757198259-0.009612349333510642i,0.004269362178574607-0.0104446108837288i,0.01535383666801192-0.007071073799817687i,-0.9668292744305221-0.05764015447748232i,21.38900096253749+0i,-0.804229961129516+0.008563786254306009i,187.1822461398902+0i
133545156292.9915+0i,-0.8048911509414898-0.009057858061623911i,0.003887834563983653-0.009852152686984559i,0.01364228654741084-0.007082594263442765i,-0.9688840225938443-0.05435617009341099i,21.82476645992457+0i,-0.8045045170472234+0.008030253704784008i,206.5624625038796+0i
143145893752.3496+0i,-0.8051742162919763-0.008525126334915123i,0.003548832020460463-0.009280946714897764i,0.01212143999463204-0.007010248350219709i,-0.9707097462104301-0.05119290181073909i,22.25745951803699+0i,-0.80475313930948+0.007531548508182718i,227.8280217785008+0i
153436840893.0031+0i,-0.8054251010878658-0.008015179105058555i,0.003248367955755789-0.008732543623948191i,0.0107734359944599-0.0068730397272532i,-0.9723279162029186-0.04815827994331639i,22.68826264606405+0i,-0.8049791958766035+0.007065111468177003i,251.2120589733762+0i
164467617799.4684+0i,-0.8056469709556193-0.007528616114064396i,0.002982651652153929-0.008207963053914028i,0.00958128620404123-0.006686777849286773i,-0.9737589483849883-0.0452574033399498i,23.11841344964098+0i,-0.8051855146304755+0.006628546143976227i,276.9918623678881+0i
176291411809.5969+0i,-0.8058427967887201-0.007065679123179109i,0.002748125480494055-0.007707775614313937i,0.008529043272455204-0.006464500654361893i,-0.975022003090265-0.04249297901113552i,23.54915302167829+0i,-0.8053744460688285+0.00621962130868166i,305.494884332317+0i
188965233969.1233+0i,-0.806015336581822-0.006626314207794041i,0.002541486685124439-0.007232178862982339i,0.007601899665802937-0.006216866621467691i,-0.9761348678859863-0.03986572952871962i,23.98167356883426+0i,-0.8055479247246586+0.005836272545407809i,337.1046581020904+0i
202550193923.0692+0i,-0.8061671274294763-0.006210228016054863i,0.002359696989503003-0.006781065962840529i,0.006786231624202275-0.005952510526649927i,-0.9771139058715025-0.03737476111410459i,24.41706859066494+0i,-0.8057075294185232+0.005476602290565773i,372.2665692750007+0i
217111794569.4531+0i,-0.8063004852814818-0.005816937511047029i,0.00219998290735632-0.006354086447808081i,0.00606960123486918-0.00567836056639153i,-0.9779740540261626-0.03501788934256427i,24.85628863843236+0i,-0.8058545418803573+0.005138877713358076i,411.4934483696891+0i
232720247896.0438+0i,-0.8064175103971889-0.005445813164504923i,0.002059829224655843-0.005950699065142065i,0.005440727716961342-0.005399916913014747i,-0.9787288583310047-0.03279192228010305i,25.30010507011203+0i,-0.8059900027940857+0.00482152600796172i,455.3709471936793+0i
249450813523.0348+0i,-0.8065200967956875-0.005096115873489796i,0.001936967692837616-0.005570217024673371i,0.004889437102322614-0.005121493385358547i,-0.9793905346764412-0.0306929028256151i,25.74908338111299+0i,-0.8061147640109376+0.004523126942588366i,504.5626319157091+0i
267384161583.9981+0i,-0.8066099443317594-0.004767028060832766i,0.001829362574815425-0.005211846211880304i,0.004406597701635714-0.004846424922848603i,-0.9799700467161254-0.02871631325116509i,26.20356675031427+0i,-0.8062295356019511+0.004242402812278344i,559.8146675782534+0i
286606761694.8287+0i,-0.8066885723244358-0.004457679523356717i,0.001735194329562976-0.004874717045053131i,0.003984047144816015-0.004577244093080392i,-0.9804771937430762-0.02685724559771692i,26.66366952854718+0i,-0.806334926584976+0.003978206226883663i,621.9598828225013+0i
307211299886.1797+0i,-0.8067573339199271-0.00416716863295411i,0.001652842415638539-0.0045579107056842i,0.003614515410420358-0.004315830071251353i,-0.9809207033087661-0.02511054184727652i,27.1292796254923+0i,-0.8064314785263881+0.003729506384158732i,691.9208921736959+0i
329297125509.7193+0i,-0.8068174305829208-0.003894579493963984i,0.001580867939764326-0.004260480468972377i,0.00329154711483664-0.004063533508923904i,-0.9813083246751033-0.02347090778069579i,27.60006820086596+0i,-0.806519691704802+0.003495374598161669i,770.7118200698037+0i
352970730273.0696+0i,-0.8068699262824244-0.003638995631070317i,0.001517996670294087-0.003981468826056994i,0.003009425403843189-0.003821280540989713i,-0.9816469203000708-0.0219330042407784i,28.07550477344988+0i,-0.8066000440395766+0.003274969865280233i,859.4380210482902+0i
378346261713.1979+0i,-0.8069157610748322-0.003399510736419759i,0.001463102771866227-0.003719921034811278i,0.002763099053210931-0.003589658924051662i,-0.9819425534384474-0.02049151922562331i,28.5548758213893+0i,-0.8066730034436304+0.003067525165779825i,959.2930313497315+0i
405546073584.0882+0i,-0.8069557638927833-0.003175236950941212i,0.001415193490675007-0.003474895671444403i,0.002548113814057664-0.00336898900037669i,-0.9822005706222052-0.01914122388966328i,29.03730512009487+0i,-0.80673903459562+0.002872335045231793i,1071.551829181402+0i
434701315812.5081+0i,-0.806990664428763-0.002965311098540445i,0.001373394923486868-0.003245472687489013i,0.002360548605163404-0.003159381869197175i,-0.9824256783037944-0.01787701516570803i,29.52177439050795+0i,-0.8067986013117358+0.002688744831976622i,1197.559339481816+0i
465952566866.4742+0i,-0.8070211040620243-0.002768899236617073i,0.001336938932089055-0.003030759410391336i,0.002196956832811322-0.002960786841209966i,-0.9826220133302258-0.01669394736420384i,30.00714324433131+0i,-0.8068521657350262+0.002516141656900676i,1338.713016384036+0i
499450511585.5206+0i,-0.8070476458204874-0.002585199834468734i,0.001305151213239511-0.002829894863579975i,0.002054312886246602-0.002773029964769894i,-0.9827932071938276-0.01558725477044717i,30.49216785260124+0i,-0.8069001854767713+0.002353947275693629i,1496.438302871041+0i
535356667741.0797+0i,-0.8070707833994085-0.002413445843855158i,0.001277440498079906-0.002642052725060073i,0.001929963694158114-0.00259584515017491i,-0.9829424441999829-0.01455236695468057i,30.9755181797437+0i,-0.8069431096787331+0.002201612566533765i,1672.155840914092+0i
573844164830.2472+0i,-0.8070909492787881-0.002252905883840429i,0.001253288830792532-0.002466443192916594i,0.00182158511856186-0.002428899184506705i,-0.9830725138223674-0.01358491823738253i,31.45579398108879+0i,-0.8069813747577225+0.002058613492898712i,1867.239532096699+0i
615098578858.0585+0i,-0.8071085219941487-0.002102884725100016i,0.001232242861110287-0.002302313981714866i,0.001727142893983407-0.002271811724145442i,-0.9831858575978963-0.0126807525131825i,31.93154003482608+0i,-0.807015400379437+0.001924448279181603i,2082.964976162653+0i
659318827133.3637+0i,-0.8071238326223928-0.00196272322696304i,0.001213906076797568-0.002148950635409732i,0.001644857781421644-0.002124171174176971i,-0.9832846109593132-0.01183592443035175i,32.40126125679306+0i,-0.8070455860120482+0.001798635538459696i,2320.448484932975+0i
706718127392.7588+0i,-0.8071371705474895-0.001831797853185279i,0.001197931898578304-0.002005676309566955i,0.001573174589994774-0.001985547211406403i,-0.9833706404229538-0.01104669774631812i,32.86343842234204+0i,-0.8070723082460581+0.001680713107598907i,2580.57780465486+0i
757525025877.2018+0i,-0.8071487885709079-0.001709519869354409i,0.001184017559778125-0.001871851147910503i,0.001510734718046145-0.001855500578081637i,-0.9834455765503388-0.0103095415301601i,33.31654519221225+0i,-0.8070959189413114+0.001570237375542291i,2863.936868498627+0i
811984499318.4124+0i,-0.8071589074299228-0.001595334305428841i,0.001171898695089414-0.001746871354852489i,0.001456351874956157-0.001733590664062782i,-0.9835108430907131-0.009621124757405652i,33.75906701069511+0i,-0.8071167441738102+0.001466782928249097i,3170.72827593955+0i
870359136148.5282+0i,-0.8071677197838464-0.001488718750724519i,0.001161344566546739-0.001630168046162729i,0.001408990661306032-0.001619381303438192i,-0.9835676826918283-0.00897830973759199i,34.18952222058979+0i,-0.8071350838994734+0.001369942372456765i,3500.698621024836+0i
932930402628.4813+0i,-0.8071753937243835-0.001389182035238971i,0.001152153859413229-0.001521205943750817i,0.001367747705656766-0.001512445135032109i,-0.9836171795414218-0.008378144728020436i,34.60648543327252+0i,-0.8071512122225991+0.001279326236380229i,3853.073056337903+0i
1000000000000.014+0i,-0.8071820758620432-0.001296262840127479i,0.001144150985787021-0.001419481967172386i,0.001331835079067-0.00141236681263736i,-0.9836602792743323-0.007817856015310232i,35.00861282580791+0i,-0.8071653781466134+0.001194562876506297i,4226.506312035736+0i
